[
    {
        "id": 1,
        "title": "Jockey Club Arts-based Cross Curriculum Creative Learning Project",
        "titleZh": "赛马会艺术跨课程创意学习计划",
        "description": "The Project is a 3-year long endeavour designed to complement the Hong Kong school curriculum to foster whole person development and lifewide learning in students from Keystage 2 (Primary 4-6). \n\nThe Project focuses on a thematic, cross-curriculum project learning approach to nurture self-directed learning capabilities in students through the integration of fundamental subject knowledge based on Key Learning Areas, generic skills such as basic skills, thinking skills and personal and social skills, and underpinned by a strong foundation of positive values and attitudes.\n\nThis student-centred creative partnership project aims to prepare young people for the challenges of the 21st century by developing their Creativity, Critical thinking, Communication, Collaboration skills for Contribution to social capital (\"5Cs\"), bringing about an increase in creative practices in schools through the training of teachers in collaboration with Creative Practitioners (CPs).",
        "descriptionZh": "该项目是一项为期3年的计划，旨在补充香港学校课程，促进二年级（小学4-6年级）学生的全人发展和全方位学习。\n\n该项目侧重于主题式、跨课程的项目学习方法，通过整合基于关键学习领域的基础学科知识、通用技能（如基本技能、思维技能和个人社交技能），并以积极的价值观和态度为基础，培养学生的自主学习能力。\n\n这个以学生为中心的创意合作项目旨在通过培养学生的创造力、批判性思维、沟通、协作和社会资本贡献（\"5C\"）技能，为21世纪的挑战做好准备，通过与创意实践者（CPs）合作培训教师，增加学校的创意实践。",
        "date": "2021-01-01",
        "comments": [
            {
                "author": "Jack Lau",
                "content": "The training prompted a lot of personal growth and a stronger identity. The excellent breakdown and analysis of creativity helped to remind me why I was drawn to the arts and architecture in the first place."
            },
            {
                "author": "Hung Lo",
                "content": "I discovered that I have to change before I can help my students make changes themselves. The fact is, it does not need to be huge change, a small step is also very important. Most important of all you have to enjoy the process."
            }
        ]
    },
    {
        "id": 2,
        "title": "Urban Sketchers Exhibition: City in Motion",
        "titleZh": "城市速写展：动态中的城市",
        "description": "Join us for a vibrant exhibition showcasing the work of local urban sketchers. This event celebrates the art of on-location drawing, capturing the essence of our city's dynamic urban landscape. From bustling street scenes to quiet corners, these sketches offer a unique perspective on city life.\n\nThe exhibition will feature works from both established artists and emerging talents, providing a platform for artistic exchange and community engagement. Visitors will have the opportunity to participate in live sketching sessions and workshops throughout the event.",
        "descriptionZh": "加入我们，欣赏展示本地城市速写者作品的生动展览。这个活动庆祝现场绘画艺术，捕捉我们城市动态都市景观的精髓。从繁忙的街道场景到安静的角落，这些速写为城市生活提供了独特的视角。\n\n展览将展示知名艺术家和新兴人才的作品，为艺术交流和社区参与提供平台。访客将有机会参与现场速写环节和贯穿整个活动的工作坊。",
        "date": "2023-06-15",
        "comments": [
            {
                "author": "Sarah Chen",
                "content": "As an amateur sketcher, this exhibition was truly inspiring. It's amazing to see how artists capture the energy of our city with just a few strokes!"
            },
            {
                "author": "Michael Wong",
                "content": "The live sketching session was a highlight for me. It was a great opportunity to learn new techniques and meet fellow art enthusiasts."
            }
        ]
    },
    {
        "id": 3,
        "title": "Digital Art Symposium: Bridging Realities",
        "titleZh": "数字艺术研讨会：连接现实",
        "description": "Explore the intersection of technology and art at our Digital Art Symposium. This two-day event brings together artists, technologists, and researchers to discuss and showcase the latest innovations in digital art.\n\nFrom virtual reality installations to AI-generated artworks, attendees will experience cutting-edge creations that challenge our perception of reality. The symposium will feature keynote speeches, panel discussions, and interactive workshops, providing a comprehensive look at the future of digital art.",
        "descriptionZh": "在我们的数字艺术研讨会上探索技术与艺术的交汇点。这个为期两天的活动汇集了艺术家、技术专家和研究人员，讨论并展示数字艺术的最新创新。\n\n从虚拟现实装置到人工智能生成的艺术品，与会者将体验挑战我们现实认知的前沿创作。研讨会将包括主题演讲、小组讨论和互动工作坊，全面展望数字艺术的未来。",
        "date": "2023-09-22",
        "comments": [
            {
                "author": "Dr. Emily Tan",
                "content": "The VR art installations were mind-blowing! It's exciting to see how technology is opening up new possibilities for artistic expression."
            },
            {
                "author": "Alex Johnson",
                "content": "As a traditional painter, I was skeptical about digital art. This symposium completely changed my perspective. The creativity and skill involved are truly impressive."
            }
        ]
    },
    {
        "id": 4,
        "title": "Community Mural Project: Our Shared Stories",
        "titleZh": "社区壁画项目：我们共同的故事",
        "description": "Be part of a collaborative art project that aims to beautify our community and celebrate our diverse heritage. This month-long initiative invites residents of all ages and backgrounds to contribute to a large-scale mural in the heart of our city.\n\nGuided by professional artists, participants will learn mural painting techniques while sharing their stories and visions for the community. The finished mural will serve as a lasting testament to the power of art in bringing people together.",
        "descriptionZh": "参与这个旨在美化我们社区并庆祝我们多元文化遗产的合作艺术项目。这个为期一个月的活动邀请所有年龄和背景的居民为我们城市中心的大型壁画做出贡献。\n\n在专业艺术家的指导下，参与者将学习壁画绘画技巧，同时分享他们对社区的故事和愿景。完成的壁画将成为艺术凝聚人心力量的持久见证。",
        "date": "2023-07-01",
        "comments": [
            {
                "author": "Lisa Chang",
                "content": "Painting alongside my neighbors was such a joyful experience. It's wonderful to see our individual stories come together in this beautiful mural."
            },
            {
                "author": "Tom Baker",
                "content": "I've walked past this wall for years, and now it's transformed into a vibrant piece of art. It makes me proud to be part of this community."
            }
        ]
    },
    {
        "id": 5,
        "title": "Sustainable Art Festival: Reimagining Waste",
        "titleZh": "可持续艺术节：重新想象废物",
        "description": "Challenge your perception of waste at our Sustainable Art Festival. This event showcases innovative artworks created entirely from recycled materials, demonstrating the potential of upcycling in art.\n\nFeaturing installations, sculptures, and interactive pieces, the festival aims to raise awareness about environmental issues while celebrating creativity. Visitors can participate in workshops to learn techniques for creating their own sustainable art projects.",
        "descriptionZh": "在我们的可持续艺术节上挑战你对废物的认知。这个活动展示了完全由回收材料创作的创新艺术品，展示了艺术中升级再造的潜力。\n\n艺术节展出装置艺术、雕塑和互动作品，旨在提高人们对环境问题的认识，同时庆祝创造力。访客可以参加工作坊，学习创作自己的可持续艺术项目的技巧。",
        "date": "2023-10-05",
        "comments": [
            {
                "author": "Grace Lee",
                "content": "The creativity on display was astounding. It's inspiring to see how artists can transform everyday waste into beautiful, thought-provoking pieces."
            },
            {
                "author": "David Chen",
                "content": "I attended the plastic weaving workshop and it was eye-opening. I'll definitely think twice before throwing away plastic bags now!"
            }
        ]
    }
]