[
  {
    "id": 1,
    "title": "Art Style Personality Quiz",
    "description": "Discover which art style best represents your personality!",
    "questions": [
      {
        "id": 1,
        "text": "How do you prefer to spend your free time?",
        "choices": [
          { "text": "Exploring nature", "score": { "impressionism": 2, "surrealism": 1 } },
          { "text": "Reading fantasy novels", "score": { "surrealism": 2, "abstract": 1 } },
          { "text": "Attending social events", "score": { "pop-art": 2, "impressionism": 1 } },
          { "text": "Meditating or practicing yoga", "score": { "abstract": 2, "minimalism": 1 } }
        ]
      },
      {
        "id": 2,
        "text": "Which color palette appeals to you the most?",
        "choices": [
          { "text": "Soft pastels", "score": { "impressionism": 2, "minimalism": 1 } },
          { "text": "Bold and vibrant", "score": { "pop-art": 2, "abstract": 1 } },
          { "text": "Earth tones", "score": { "impressionism": 1, "minimalism": 2 } },
          { "text": "Dark and mysterious", "score": { "surrealism": 2, "abstract": 1 } }
        ]
      },
      {
        "id": 3,
        "text": "What's your ideal vacation destination?",
        "choices": [
          { "text": "A bustling city with modern architecture", "score": { "pop-art": 2, "minimalism": 1 } },
          { "text": "A serene countryside", "score": { "impressionism": 2, "minimalism": 1 } },
          { "text": "An exotic, unfamiliar culture", "score": { "surrealism": 2, "abstract": 1 } },
          { "text": "A remote, untouched wilderness", "score": { "abstract": 2, "impressionism": 1 } }
        ]
      },
      {
        "id": 4,
        "text": "Which statement resonates with you the most?",
        "choices": [
          { "text": "Life is a dream", "score": { "surrealism": 2, "abstract": 1 } },
          { "text": "Beauty is in the details", "score": { "impressionism": 2, "minimalism": 1 } },
          { "text": "Less is more", "score": { "minimalism": 2, "abstract": 1 } },
          { "text": "Art should reflect popular culture", "score": { "pop-art": 2, "surrealism": 1 } }
        ]
      }
    ],
    "results": {
      "impressionism": "You have a dreamy and romantic personality. Like the Impressionists, you appreciate the beauty in everyday moments and have a keen eye for light and color.",
      "surrealism": "Your imagination knows no bounds! You have a unique perspective on the world and aren't afraid to think outside the box.",
      "pop-art": "You're bold, fun, and in tune with popular culture. You appreciate art that makes a statement and isn't afraid to be loud.",
      "abstract": "You're a deep thinker who sees beyond the surface. You appreciate complexity and find beauty in the non-representational.",
      "minimalism": "You value simplicity and find beauty in clean, uncluttered spaces. You have a calm and focused personality."
    }
  },
  {
    "id": 2,
    "title": "Artist Era Personality Quiz",
    "description": "Find out which artistic era you belong to!",
    "questions": [
      {
        "id": 1,
        "text": "What's your approach to problem-solving?",
        "choices": [
          { "text": "Logical and methodical", "score": { "renaissance": 2, "neoclassicism": 1 } },
          { "text": "Intuitive and emotional", "score": { "romanticism": 2, "expressionism": 1 } },
          { "text": "Experimental and avant-garde", "score": { "modernism": 2, "postmodernism": 1 } },
          { "text": "Collaborative and tech-savvy", "score": { "contemporary": 2, "postmodernism": 1 } }
        ]
      },
      {
        "id": 2,
        "text": "Which subject interests you the most?",
        "choices": [
          { "text": "Human anatomy and perspective", "score": { "renaissance": 2, "neoclassicism": 1 } },
          { "text": "Nature and raw emotions", "score": { "romanticism": 2, "expressionism": 1 } },
          { "text": "Abstract concepts and new techniques", "score": { "modernism": 2, "contemporary": 1 } },
          { "text": "Pop culture and social issues", "score": { "postmodernism": 2, "contemporary": 1 } }
        ]
      },
      {
        "id": 3,
        "text": "How do you view tradition?",
        "choices": [
          { "text": "It's important to respect and learn from it", "score": { "renaissance": 1, "neoclassicism": 2 } },
          { "text": "It can be limiting; I prefer to follow my heart", "score": { "romanticism": 2, "expressionism": 1 } },
          { "text": "It should be challenged and reinvented", "score": { "modernism": 2, "postmodernism": 1 } },
          { "text": "It's one of many influences in a global context", "score": { "contemporary": 2, "postmodernism": 1 } }
        ]
      },
      {
        "id": 4,
        "text": "What's your ideal work environment?",
        "choices": [
          { "text": "A well-organized studio with classical music", "score": { "renaissance": 1, "neoclassicism": 2 } },
          { "text": "Outdoors, surrounded by nature", "score": { "romanticism": 2, "expressionism": 1 } },
          { "text": "An industrial loft with lots of space to experiment", "score": { "modernism": 2, "contemporary": 1 } },
          { "text": "A collaborative space with the latest technology", "score": { "contemporary": 2, "postmodernism": 1 } }
        ]
      }
    ],
    "results": {
      "renaissance": "You embody the spirit of the Renaissance! You're a curious polymath with a love for learning and a belief in human potential.",
      "neoclassicism": "You appreciate order, balance, and timeless beauty. Like the Neoclassicists, you find inspiration in the ideals of the past.",
      "romanticism": "You're passionate and imaginative, valuing emotion and individualism over rigid rules and reason.",
      "expressionism": "You're not afraid to wear your heart on your sleeve. You believe in the power of art to convey deep emotions and inner experiences.",
      "modernism": "You're forward-thinking and love to push boundaries. You believe in progress and aren't afraid to break with tradition.",
      "postmodernism": "You question everything and love to mix high and low culture. You see art as a way to challenge assumptions and play with ideas.",
      "contemporary": "You're plugged into the zeitgeist, engaging with current issues and embracing new technologies in your creative process."
    }
  }
]